noClient;Name;Country
1;Alice Martin;France
2;Lucas Bernard;France
3;Emma Dubois;Belgique
4;Hugo Robert;Suisse
5;Lea Richard;France
6;Gabriel Petit;Canada
7;Chloe Durand;France
8;Louis Leroy;Belgique
9;Manon Moreau;Luxembourg
10;Jules Simon;France
11;Ines Laurent;Maroc
12;Arthur Lefebvre;France
13;Sarah Michel;Suisse
14;Nathan Garcia;Espagne
15;Camille David;France
16;Adam Bertrand;Belgique
17;Louise Roux;France
18;Tom Vincent;Canada
19;Jade Fournier;France
20;Noah Morel;Allemagne
21;Lina Girard;France
22;Ethan Andre;Suisse
23;Anna Mercier;Italie
24;Paul Dupont;France
25;Eva Lambert;Belgique
26;Leo Bonnet;France
27;Nina Francois;Portugal
28;Theo Martinez;Espagne
29;Mila Legrand;France
30;Maxime Gauthier;Canada
31;Lola Faure;France
32;Enzo Rousseau;Belgique
33;Zoé Nicolas;Suisse
34;Mathis Henry;France
35;Clara Roussel;Allemagne
36;Sacha Mathieu;France
37;Lucie Gautier;Luxembourg
38;Robin Masson;France
39;Aya Marchand;Maroc
40;Antoine Duval;France
41;Maya Denis;Belgique
42;Alexandre Dumont;France
43;Elise Marie;Italie
44;Victor Lemaire;France
45;Amelie Noel;Canada
46;Rayan Meyer;Allemagne
47;Juliette Dufour;France
48;Samuel Meunier;Suisse
49;Yasmine Brun;France
50;Baptiste Blanchard;Belgique
