noOrder;noClient;prix
1001;1;49.90
1002;2;125.00
1003;3;18.75
1004;4;240.50
1005;5;79.99
1006;6;310.00
1007;7;15.20
1008;8;99.95
1009;9;450.00
1010;10;62.30
1011;11;27.80
1012;12;175.40
1013;13;88.00
1014;14;520.99
1015;15;41.50
1016;16;135.75
1017;17;299.90
1018;18;73.25
1019;19;24.99
1020;20;680.00
1021;21;56.60
1022;22;149.00
1023;23;215.80
1024;24;39.90
1025;25;92.45
1026;26;360.00
1027;27;12.99
1028;28;199.99
1029;29;84.70
1030;30;475.50
1031;31;33.30
1032;32;128.60
1033;33;250.00
1034;34;69.95
1035;35;590.40
1036;36;22.10
1037;37;145.90
1038;38;315.25
1039;39;47.80
1040;40;760.00
1041;41;95.00
1042;42;185.35
1043;43;28.50
1044;44;410.90
1045;45;61.75
1046;46;275.00
1047;47;109.99
1048;48;345.60
1049;49;17.40
1050;50;630.00
